"Associés";"DUPOND";"person";4551;4551;"principal_associated_accounts";"8 rue Bouil Bleu";17250;"SAINT-PORCHAIRE";"05 46 95 62 88"
"Christian";"DUPOND";"person";45522;45522;"usual_associated_accounts";"10 rue des Vergers";17250;"SAINT-PORCHAIRE";"05 46 95 53 90"
"Laurent";"DUPOND";"person";45524;45524;"usual_associated_accounts";"8 rue Bouil Bleu";17250;"SAINT-PORCHAIRE";"05 46 95 65 56"
"Dominique";"DUPOND";"person";45523;45523;"usual_associated_accounts";"le petit palet";17250;"LES ESSARDS";"05 46 95 64 48"
"MSA";"17";"person";431;431;"social_agricultural_mutuality";"Fief Montlouis";17100;"SAINTES";"05 46 95 00 00"